coronaOccupancy,normalOccupancy,isolatedTeam
45,,0
43,,0
39,,0
33,,0
31,,0
31,,0
30,,0
25,,0
22,,0
21,,0
19,,0
17,,0
15,,0
15,,0
14.000000000000002,,0
13,,0
13,,0
10,,0
8,,0
8,,0
7.000000000000001,,0
6,,0
4,,0
3,,0
1,,0
0,,0
0,,0
0,,0
0,,0
0,,0
0,,0
0,,0
