coronaOccupancy,normalOccupancy,isolatedTeam
40,,0
38,,0
38,,0
36,,0
36,,0
32,,0
30,,0
28.000000000000004,,0
27,,0
24,,0
21,,0
21,,0
20,,0
19,,0
18,,0
15,,0
15,,0
14.000000000000002,,0
9,,0
7.000000000000001,,0
7.000000000000001,,0
4,,0
4,,0
3,,0
1,,0
0,,0
0,,0
0,,0
0,,0
0,,0
0,,0
0,,0
