coronaOccupancy,normalOccupancy,isolatedTeam
42,,0
41,,0
39,,0
38,,0
36,,0
31,,0
31,,0
27,,0
27,,0
26,,0
24,,0
23,,0
22,,0
21,,0
18,,0
15,,0
15,,0
15,,0
9,,0
7.000000000000001,,0
7.000000000000001,,0
6,,0
4,,0
3,,0
1,,0
0,,0
0,,0
0,,0
0,,0
0,,0
0,,0
0,,0
