coronaOccupancy,normalOccupancy,isolatedTeam
200,,0
36,,0
34,,0
34,,0
33,,0
31,,0
30,,0
30,,0
28.999999999999996,,0
28.999999999999996,,0
27,,0
26,,0
23,,0
22,,0
19,,0
17,,0
10,,0
10,,0
9,,0
7.000000000000001,,0
7.000000000000001,,0
7.000000000000001,,0
6,,0
4,,0
2,,0
1,,0
0,,0
0,,0
0,,0
0,,0
0,,0
0,,0
