coronaOccupancy,normalOccupancy,isolatedTeam
100,,0
41,,0
31,,0
24,,0
23,,0
21,,0
21,,0
18,,0
18,,0
17,,0
17,,0
17,,0
15,,0
14.000000000000002,,0
11,,0
11,,0
10,,0
10,,0
10,,0
8,,0
7.000000000000001,,0
6,,0
5,,0
5,,0
5,,0
5,,0
2,,0
1,,0
0,,0
0,,0
0,,0
0,,0
