coronaOccupancy,normalOccupancy,isolatedTeam
36,,0
28.999999999999996,,0
28.000000000000004,,0
23,,0
23,,0
21,,0
20,,0
18,,0
18,,0
17,,0
17,,0
17,,0
14.000000000000002,,0
14.000000000000002,,0
12,,0
11,,0
10,,0
10,,0
7.000000000000001,,0
6,,0
5,,0
5,,0
5,,0
5,,0
5,,0
2,,0
1,,0
0,,0
0,,0
0,,0
0,,0
0,,0
