coronaOccupancy,normalOccupancy,isolatedTeam
200,,0
41,,0
21,,0
21,,0
20,,0
20,,0
18,,0
14.000000000000002,,0
14.000000000000002,,0
13,,0
13,,0
12,,0
12,,0
11,,0
10,,0
8,,0
7.000000000000001,,0
7.000000000000001,,0
7.000000000000001,,0
6,,0
5,,0
3,,0
1,,0
1,,0
0,,0
0,,0
0,,0
0,,0
0,,0
0,,0
0,,0
0,,0
