coronaOccupancy,normalOccupancy,isolatedTeam
36,,0
32,,0
28.999999999999996,,0
28.000000000000004,,0
28.000000000000004,,0
23,,0
23,,0
21,,0
19,,0
19,,0
19,,0
15,,0
14.000000000000002,,0
14.000000000000002,,0
12,,0
11,,0
10,,0
10,,0
8,,0
8,,0
6,,0
5,,0
5,,0
5,,0
5,,0
2,,0
1,,0
0,,0
0,,0
0,,0
0,,0
0,,0
