coronaOccupancy,normalOccupancy,isolatedTeam
43,,0
37,,0
36,,0
32,,0
31,,0
28.999999999999996,,0
28.999999999999996,,0
26,,0
24,,0
21,,0
20,,0
19,,0
18,,0
17,,0
14.000000000000002,,0
11,,0
10,,0
10,,0
8,,0
8,,0
8,,0
4,,0
3,,0
1,,0
0,,0
0,,0
0,,0
0,,0
0,,0
0,,0
0,,0
0,,0
