coronaOccupancy,normalOccupancy,isolatedTeam
100,,0
56.99999999999999,,0
36,,0
34,,0
31,,0
31,,0
28.999999999999996,,0
27,,0
23,,0
23,,0
23,,0
19,,0
18,,0
18,,0
17,,0
17,,0
13,,0
12,,0
10,,0
9,,0
8,,0
8,,0
5,,0
5,,0
5,,0
5,,0
1,,0
0,,0
0,,0
0,,0
0,,0
0,,0
