coronaOccupancy,normalOccupancy,isolatedTeam
42,,0
39,,0
36,,0
34,,0
30,,0
28.999999999999996,,0
28.999999999999996,,0
27,,0
25,,0
21,,0
20,,0
20,,0
19,,0
18,,0
14.000000000000002,,0
14.000000000000002,,0
12,,0
10,,0
9,,0
8,,0
7.000000000000001,,0
5,,0
4,,0
1,,0
0,,0
0,,0
0,,0
0,,0
0,,0
0,,0
0,,0
0,,0
