coronaOccupancy,normalOccupancy,isolatedTeam
100,,0
50,,0
32,,0
30,,0
28.999999999999996,,0
28.000000000000004,,0
28.000000000000004,,0
27,,0
23,,0
20,,0
19,,0
19,,0
17,,0
16,,0
14.000000000000002,,0
14.000000000000002,,0
12,,0
11,,0
11,,0
9,,0
8,,0
8,,0
5,,0
5,,0
5,,0
5,,0
1,,0
0,,0
0,,0
0,,0
0,,0
0,,0
