coronaOccupancy,normalOccupancy,isolatedTeam
100,,0
33,,0
26,,0
23,,0
21,,0
21,,0
21,,0
20,,0
16,,0
14.000000000000002,,0
14.000000000000002,,0
13,,0
12,,0
12,,0
11,,0
9,,0
8,,0
7.000000000000001,,0
6,,0
6,,0
5,,0
4,,0
2,,0
1,,0
0,,0
0,,0
0,,0
0,,0
0,,0
0,,0
0,,0
0,,0
