coronaOccupancy,normalOccupancy,isolatedTeam
44,,0
44,,0
39,,0
33,,0
33,,0
31,,0
28.999999999999996,,0
28.000000000000004,,0
27,,0
24,,0
20,,0
20,,0
18,,0
17,,0
15,,0
13,,0
9,,0
9,,0
8,,0
8,,0
6,,0
4,,0
4,,0
3,,0
1,,0
0,,0
0,,0
0,,0
0,,0
0,,0
0,,0
0,,0
