coronaOccupancy,normalOccupancy,isolatedTeam
200,,0
49,,0
43,,0
43,,0
41,,0
40,,0
38,,0
35,,0
34,,0
33,,0
30,,0
28.999999999999996,,0
28.000000000000004,,0
22,,0
21,,0
21,,0
20,,0
18,,0
18,,0
17,,0
13,,0
9,,0
6,,0
3,,0
2,,0
2,,0
1,,0
0,,0
0,,0
0,,0
0,,0
0,,0
