coronaOccupancy,normalOccupancy,isolatedTeam
14.000000000000002,,0
11,,0
11,,0
10,,0
10,,0
9,,0
8,,0
8,,0
7.000000000000001,,0
5,,0
5,,0
5,,0
5,,0
5,,0
5,,0
4,,0
4,,0
3,,0
3,,0
3,,0
2,,0
2,,0
2,,0
2,,0
0,,0
0,,0
0,,0
0,,0
0,,0
0,,0
0,,0
0,,0
