coronaOccupancy,normalOccupancy,isolatedTeam
22,,0
21,,0
20,,0
17,,0
16,,0
14.000000000000002,,0
14.000000000000002,,0
11,,0
10,,0
10,,0
9,,0
9,,0
9,,0
8,,0
7.000000000000001,,0
6,,0
6,,0
6,,0
2,,0
2,,0
1,,0
1,,0
0,,0
0,,0
0,,0
0,,0
0,,0
0,,0
0,,0
0,,0
0,,0
