coronaOccupancy,normalOccupancy,isolatedTeam
25,,0
19,,0
18,,0
15,,0
14.000000000000002,,0
11,,0
11,,0
10,,0
9,,0
8,,0
7.000000000000001,,0
7.000000000000001,,0
6,,0
6,,0
6,,0
6,,0
6,,0
4,,0
2,,0
2,,0
1,,0
1,,0
0,,0
0,,0
0,,0
0,,0
0,,0
0,,0
0,,0
0,,0
0,,0
