coronaOccupancy,normalOccupancy,isolatedTeam
200,,0
55.00000000000001,,0
45,,0
43,,0
39,,0
36,,0
36,,0
35,,0
35,,0
33,,0
28.000000000000004,,0
28.000000000000004,,0
27,,0
23,,0
22,,0
21,,0
18,,0
18,,0
17,,0
16,,0
7.000000000000001,,0
5,,0
5,,0
4,,0
3,,0
3,,0
1,,0
0,,0
0,,0
0,,0
0,,0
0,,0
