coronaOccupancy,normalOccupancy,isolatedTeam
28.000000000000004,,0
27,,0
25,,0
24,,0
22,,0
20,,0
20,,0
19,,0
18,,0
17,,0
15,,0
14.000000000000002,,0
13,,0
12,,0
10,,0
10,,0
10,,0
8,,0
3,,0
3,,0
2,,0
2,,0
0,,0
0,,0
0,,0
0,,0
0,,0
0,,0
0,,0
0,,0
0,,0
