coronaOccupancy,normalOccupancy,isolatedTeam
300,,0
41,,0
36,,0
34,,0
31,,0
28.999999999999996,,0
28.999999999999996,,0
28.000000000000004,,0
28.000000000000004,,0
27,,0
27,,0
25,,0
23,,0
20,,0
16,,0
14.000000000000002,,0
10,,0
9,,0
9,,0
9,,0
9,,0
7.000000000000001,,0
6,,0
4,,0
3,,0
1,,0
0,,0
0,,0
0,,0
0,,0
0,,0
0,,0
