coronaOccupancy,normalOccupancy,isolatedTeam
200,,0
39,,0
25,,0
23,,0
18,,0
17,,0
16,,0
16,,0
15,,0
15,,0
14.000000000000002,,0
13,,0
11,,0
10,,0
10,,0
9,,0
8,,0
7.000000000000001,,0
6,,0
5,,0
3,,0
3,,0
2,,0
2,,0
0,,0
0,,0
0,,0
0,,0
0,,0
0,,0
0,,0
0,,0
