coronaOccupancy,normalOccupancy,isolatedTeam
41,,0
37,,0
34,,0
31,,0
28.999999999999996,,0
27,,0
25,,0
23,,0
23,,0
21,,0
20,,0
18,,0
18,,0
16,,0
15,,0
14.000000000000002,,0
14.000000000000002,,0
13,,0
7.000000000000001,,0
6,,0
6,,0
5,,0
3,,0
2,,0
1,,0
0,,0
0,,0
0,,0
0,,0
0,,0
0,,0
0,,0
