coronaOccupancy,normalOccupancy,isolatedTeam
200,,0
71,,0
35,,0
30,,0
30,,0
28.999999999999996,,0
28.000000000000004,,0
27,,0
23,,0
21,,0
20,,0
20,,0
19,,0
18,,0
16,,0
15,,0
13,,0
11,,0
8,,0
7.000000000000001,,0
6,,0
5,,0
5,,0
5,,0
3,,0
1,,0
0,,0
0,,0
0,,0
0,,0
0,,0
0,,0
