coronaOccupancy,normalOccupancy,isolatedTeam
100,,0
50,,0
50,,0
41,,0
40,,0
39,,0
39,,0
38,,0
36,,0
28.999999999999996,,0
28.000000000000004,,0
27,,0
26,,0
25,,0
23,,0
20,,0
16,,0
16,,0
14.000000000000002,,0
13,,0
12,,0
9,,0
5,,0
5,,0
4,,0
4,,0
1,,0
0,,0
0,,0
0,,0
0,,0
0,,0
