coronaOccupancy,normalOccupancy,isolatedTeam
300,,0
46,,0
35,,0
34,,0
33,,0
32,,0
30,,0
30,,0
30,,0
25,,0
25,,0
22,,0
19,,0
17,,0
16,,0
15,,0
11,,0
9,,0
9,,0
9,,0
7.000000000000001,,0
7.000000000000001,,0
6,,0
6,,0
4,,0
2,,0
1,,0
0,,0
0,,0
0,,0
0,,0
0,,0
