coronaOccupancy,normalOccupancy,isolatedTeam
44,,0
38,,0
34,,0
31,,0
28.000000000000004,,0
28.000000000000004,,0
24,,0
24,,0
21,,0
19,,0
18,,0
18,,0
15,,0
15,,0
15,,0
14.000000000000002,,0
10,,0
10,,0
8,,0
7.000000000000001,,0
5,,0
4,,0
3,,0
1,,0
0,,0
0,,0
0,,0
0,,0
0,,0
0,,0
0,,0
0,,0
