coronaOccupancy,normalOccupancy,isolatedTeam
300,,0
37,,0
23,,0
21,,0
15,,0
15,,0
15,,0
14.000000000000002,,0
14.000000000000002,,0
12,,0
10,,0
10,,0
10,,0
9,,0
9,,0
8,,0
6,,0
6,,0
5,,0
4,,0
3,,0
3,,0
2,,0
2,,0
0,,0
0,,0
0,,0
0,,0
0,,0
0,,0
0,,0
0,,0
