coronaOccupancy,normalOccupancy,isolatedTeam
100,,0
45,,0
43,,0
43,,0
38,,0
37,,0
36,,0
31,,0
31,,0
31,,0
28.999999999999996,,0
28.000000000000004,,0
28.000000000000004,,0
25,,0
19,,0
18,,0
17,,0
17,,0
16,,0
10,,0
9,,0
6,,0
5,,0
4,,0
3,,0
1,,0
0,,0
0,,0
0,,0
0,,0
0,,0
0,,0
