coronaOccupancy,normalOccupancy,isolatedTeam
27,,0
24,,0
21,,0
20,,0
20,,0
18,,0
18,,0
16,,0
16,,0
16,,0
14.000000000000002,,0
14.000000000000002,,0
13,,0
12,,0
10,,0
6,,0
5,,0
3,,0
3,,0
3,,0
2,,0
2,,0
2,,0
1,,0
0,,0
0,,0
0,,0
0,,0
0,,0
0,,0
0,,0
