coronaOccupancy,normalOccupancy,isolatedTeam
46,,0
36,,0
36,,0
34,,0
30,,0
28.999999999999996,,0
28.999999999999996,,0
28.999999999999996,,0
27,,0
25,,0
24,,0
16,,0
16,,0
16,,0
15,,0
15,,0
15,,0
13,,0
9,,0
7.000000000000001,,0
6,,0
6,,0
4,,0
3,,0
1,,0
0,,0
0,,0
0,,0
0,,0
0,,0
0,,0
0,,0
