coronaOccupancy,normalOccupancy,isolatedTeam
200,,0
44,,0
42,,0
39,,0
34,,0
34,,0
31,,0
31,,0
31,,0
31,,0
31,,0
28.999999999999996,,0
28.999999999999996,,0
28.000000000000004,,0
20,,0
17,,0
16,,0
14.000000000000002,,0
13,,0
10,,0
10,,0
9,,0
5,,0
4,,0
3,,0
1,,0
0,,0
0,,0
0,,0
0,,0
0,,0
0,,0
