coronaOccupancy,normalOccupancy,isolatedTeam
41,,0
34,,0
32,,0
25,,0
25,,0
24,,0
23,,0
21,,0
20,,0
20,,0
20,,0
18,,0
18,,0
18,,0
15,,0
13,,0
13,,0
12,,0
7.000000000000001,,0
7.000000000000001,,0
6,,0
3,,0
2,,0
2,,0
0,,0
0,,0
0,,0
0,,0
0,,0
0,,0
0,,0
0,,0
