coronaOccupancy,normalOccupancy,isolatedTeam
36,,0
36,,0
34,,0
34,,0
32,,0
28.000000000000004,,0
25,,0
23,,0
23,,0
22,,0
21,,0
20,,0
18,,0
17,,0
14.000000000000002,,0
12,,0
11,,0
11,,0
8,,0
8,,0
6,,0
4,,0
4,,0
1,,0
0,,0
0,,0
0,,0
0,,0
0,,0
0,,0
0,,0
0,,0
