coronaOccupancy,normalOccupancy,isolatedTeam
39,,0
33,,0
30,,0
28.999999999999996,,0
27,,0
25,,0
24,,0
21,,0
20,,0
19,,0
19,,0
18,,0
17,,0
17,,0
14.000000000000002,,0
14.000000000000002,,0
14.000000000000002,,0
9,,0
7.000000000000001,,0
6,,0
6,,0
3,,0
2,,0
0,,0
0,,0
0,,0
0,,0
0,,0
0,,0
0,,0
0,,0
0,,0
