coronaOccupancy,normalOccupancy,isolatedTeam
200,,0
32,,0
30,,0
28.999999999999996,,0
28.000000000000004,,0
28.000000000000004,,0
28.000000000000004,,0
26,,0
24,,0
23,,0
21,,0
21,,0
16,,0
14.000000000000002,,0
13,,0
13,,0
10,,0
10,,0
8,,0
7.000000000000001,,0
7.000000000000001,,0
6,,0
5,,0
3,,0
2,,0
2,,0
1,,0
0,,0
0,,0
0,,0
0,,0
0,,0
