coronaOccupancy,normalOccupancy,isolatedTeam
42,,0
28.000000000000004,,0
27,,0
26,,0
24,,0
22,,0
22,,0
21,,0
21,,0
15,,0
15,,0
14.000000000000002,,0
14.000000000000002,,0
14.000000000000002,,0
13,,0
13,,0
11,,0
10,,0
8,,0
5,,0
3,,0
3,,0
2,,0
0,,0
0,,0
0,,0
0,,0
0,,0
0,,0
0,,0
0,,0
