coronaOccupancy,normalOccupancy,isolatedTeam
39,,0
36,,0
33,,0
31,,0
27,,0
25,,0
23,,0
22,,0
21,,0
20,,0
20,,0
20,,0
18,,0
15,,0
14.000000000000002,,0
13,,0
12,,0
12,,0
7.000000000000001,,0
6,,0
4,,0
3,,0
3,,0
2,,0
2,,0
0,,0
0,,0
0,,0
0,,0
0,,0
0,,0
0,,0
