coronaOccupancy,normalOccupancy,isolatedTeam
200,,0
43,,0
40,,0
38,,0
38,,0
37,,0
36,,0
35,,0
31,,0
31,,0
30,,0
28.000000000000004,,0
19,,0
18,,0
18,,0
18,,0
14.000000000000002,,0
12,,0
10,,0
10,,0
9,,0
6,,0
5,,0
3,,0
3,,0
2,,0
1,,0
0,,0
0,,0
0,,0
0,,0
0,,0
