coronaOccupancy,normalOccupancy,isolatedTeam
21,,0
18,,0
17,,0
16,,0
12,,0
10,,0
9,,0
8,,0
8,,0
7.000000000000001,,0
7.000000000000001,,0
7.000000000000001,,0
7.000000000000001,,0
6,,0
5,,0
4,,0
4,,0
3,,0
3,,0
3,,0
2,,0
2,,0
2,,0
1,,0
0,,0
0,,0
0,,0
0,,0
0,,0
0,,0
0,,0
0,,0
