coronaOccupancy,normalOccupancy,isolatedTeam
200,,0
39,,0
38,,0
36,,0
36,,0
34,,0
33,,0
32,,0
30,,0
28.999999999999996,,0
28.999999999999996,,0
28.999999999999996,,0
22,,0
21,,0
18,,0
15,,0
15,,0
13,,0
10,,0
10,,0
9,,0
7.000000000000001,,0
6,,0
6,,0
1,,0
1,,0
0,,0
0,,0
0,,0
0,,0
0,,0
0,,0
