coronaOccupancy,normalOccupancy,isolatedTeam
200,,0
41,,0
39,,0
37,,0
36,,0
32,,0
30,,0
30,,0
30,,0
28.999999999999996,,0
28.999999999999996,,0
24,,0
19,,0
18,,0
14.000000000000002,,0
14.000000000000002,,0
13,,0
11,,0
11,,0
10,,0
9,,0
9,,0
6,,0
4,,0
1,,0
1,,0
0,,0
0,,0
0,,0
0,,0
0,,0
0,,0
