coronaOccupancy,normalOccupancy,isolatedTeam
43,,0
32,,0
28.000000000000004,,0
28.000000000000004,,0
26,,0
24,,0
24,,0
23,,0
18,,0
17,,0
16,,0
15,,0
14.000000000000002,,0
13,,0
12,,0
12,,0
10,,0
10,,0
6,,0
5,,0
3,,0
2,,0
1,,0
0,,0
0,,0
0,,0
0,,0
0,,0
0,,0
0,,0
0,,0
