coronaOccupancy,normalOccupancy,isolatedTeam
38,,0
36,,0
33,,0
32,,0
31,,0
28.000000000000004,,0
26,,0
24,,0
23,,0
22,,0
21,,0
21,,0
18,,0
18,,0
14.000000000000002,,0
11,,0
11,,0
8,,0
8,,0
8,,0
7.000000000000001,,0
4,,0
4,,0
1,,0
0,,0
0,,0
0,,0
0,,0
0,,0
0,,0
0,,0
0,,0
