coronaOccupancy,normalOccupancy,isolatedTeam
200,,0
36,,0
31,,0
31,,0
28.000000000000004,,0
28.000000000000004,,0
26,,0
25,,0
21,,0
20,,0
18,,0
18,,0
17,,0
17,,0
17,,0
17,,0
13,,0
10,,0
10,,0
6,,0
6,,0
6,,0
5,,0
5,,0
3,,0
1,,0
0,,0
0,,0
0,,0
0,,0
0,,0
0,,0
