coronaOccupancy,normalOccupancy,isolatedTeam
300,,0
50,,0
42,,0
39,,0
37,,0
36,,0
34,,0
31,,0
31,,0
31,,0
26,,0
23,,0
23,,0
22,,0
18,,0
17,,0
17,,0
10,,0
9,,0
9,,0
7.000000000000001,,0
7.000000000000001,,0
6,,0
3,,0
2,,0
1,,0
1,,0
0,,0
0,,0
0,,0
0,,0
0,,0
