coronaOccupancy,normalOccupancy,isolatedTeam
20,,0
18,,0
17,,0
14.000000000000002,,0
14.000000000000002,,0
11,,0
10,,0
10,,0
7.000000000000001,,0
7.000000000000001,,0
7.000000000000001,,0
7.000000000000001,,0
7.000000000000001,,0
6,,0
6,,0
6,,0
6,,0
6,,0
6,,0
5,,0
1,,0
1,,0
1,,0
1,,0
0,,0
0,,0
0,,0
0,,0
0,,0
0,,0
0,,0
0,,0
