coronaOccupancy,normalOccupancy,isolatedTeam
16,,0
15,,0
14.000000000000002,,0
13,,0
13,,0
11,,0
9,,0
7.000000000000001,,0
7.000000000000001,,0
7.000000000000001,,0
7.000000000000001,,0
7.000000000000001,,0
7.000000000000001,,0
6,,0
6,,0
6,,0
6,,0
6,,0
5,,0
5,,0
1,,0
1,,0
1,,0
1,,0
0,,0
0,,0
0,,0
0,,0
0,,0
0,,0
0,,0
0,,0
