coronaOccupancy,normalOccupancy,isolatedTeam
200,,0
45,,0
38,,0
33,,0
32,,0
32,,0
28.999999999999996,,0
28.999999999999996,,0
28.000000000000004,,0
27,,0
26,,0
23,,0
21,,0
20,,0
19,,0
10,,0
10,,0
9,,0
9,,0
9,,0
7.000000000000001,,0
7.000000000000001,,0
7.000000000000001,,0
6,,0
4,,0
2,,0
1,,0
0,,0
0,,0
0,,0
0,,0
0,,0
