coronaOccupancy,normalOccupancy,isolatedTeam
200,,0
47,,0
43,,0
41,,0
36,,0
36,,0
34,,0
34,,0
32,,0
31,,0
30,,0
28.999999999999996,,0
28.999999999999996,,0
28.999999999999996,,0
17,,0
16,,0
16,,0
15,,0
13,,0
10,,0
10,,0
9,,0
6,,0
4,,0
3,,0
1,,0
0,,0
0,,0
0,,0
0,,0
0,,0
0,,0
