coronaOccupancy,normalOccupancy,isolatedTeam
31,,0
27,,0
27,,0
26,,0
25,,0
23,,0
23,,0
21,,0
20,,0
17,,0
17,,0
16,,0
14.000000000000002,,0
14.000000000000002,,0
13,,0
13,,0
12,,0
11,,0
8,,0
5,,0
3,,0
3,,0
2,,0
1,,0
0,,0
0,,0
0,,0
0,,0
0,,0
0,,0
0,,0
0,,0
