coronaOccupancy,normalOccupancy,isolatedTeam
15,,0
14.000000000000002,,0
9,,0
7.000000000000001,,0
7.000000000000001,,0
6,,0
6,,0
4,,0
4,,0
4,,0
4,,0
3,,0
3,,0
2,,0
2,,0
1,,0
1,,0
1,,0
1,,0
1,,0
1,,0
0,,0
0,,0
0,,0
0,,0
0,,0
0,,0
0,,0
0,,0
0,,0
0,,0
0,,0
