coronaOccupancy,normalOccupancy,isolatedTeam
200,,0
54,,0
50,,0
39,,0
36,,0
35,,0
35,,0
34,,0
32,,0
28.000000000000004,,0
27,,0
27,,0
26,,0
26,,0
23,,0
18,,0
17,,0
16,,0
15,,0
14.000000000000002,,0
13,,0
10,,0
5,,0
5,,0
4,,0
4,,0
1,,0
0,,0
0,,0
0,,0
0,,0
0,,0
