coronaOccupancy,normalOccupancy,isolatedTeam
200,,0
39,,0
36,,0
32,,0
28.999999999999996,,0
28.999999999999996,,0
28.000000000000004,,0
25,,0
24,,0
23,,0
21,,0
20,,0
19,,0
19,,0
18,,0
17,,0
16,,0
16,,0
10,,0
9,,0
9,,0
5,,0
5,,0
5,,0
3,,0
2,,0
1,,0
0,,0
0,,0
0,,0
0,,0
0,,0
