coronaOccupancy,normalOccupancy,isolatedTeam
100,,0
43,,0
40,,0
39,,0
38,,0
36,,0
35,,0
34,,0
30,,0
28.999999999999996,,0
28.999999999999996,,0
28.000000000000004,,0
24,,0
20,,0
20,,0
15,,0
13,,0
10,,0
10,,0
9,,0
7.000000000000001,,0
6,,0
5,,0
4,,0
3,,0
1,,0
1,,0
0,,0
0,,0
0,,0
0,,0
0,,0
