coronaOccupancy,normalOccupancy,isolatedTeam
200,,0
56.99999999999999,,0
42,,0
39,,0
38,,0
38,,0
36,,0
32,,0
30,,0
30,,0
26,,0
24,,0
23,,0
22,,0
20,,0
10,,0
10,,0
10,,0
9,,0
9,,0
7.000000000000001,,0
7.000000000000001,,0
3,,0
3,,0
2,,0
1,,0
1,,0
0,,0
0,,0
0,,0
0,,0
0,,0
