coronaOccupancy,normalOccupancy,isolatedTeam
43,,0
41,,0
37,,0
36,,0
33,,0
32,,0
32,,0
30,,0
28.999999999999996,,0
23,,0
22,,0
21,,0
20,,0
18,,0
15,,0
15,,0
14.000000000000002,,0
11,,0
11,,0
7.000000000000001,,0
7.000000000000001,,0
4,,0
4,,0
3,,0
1,,0
0,,0
0,,0
0,,0
0,,0
0,,0
0,,0
0,,0
