coronaOccupancy,normalOccupancy,isolatedTeam
45,,0
38,,0
38,,0
28.000000000000004,,0
27,,0
27,,0
26,,0
24,,0
21,,0
20,,0
20,,0
17,,0
17,,0
16,,0
15,,0
14.000000000000002,,0
13,,0
10,,0
10,,0
9,,0
6,,0
4,,0
3,,0
1,,0
0,,0
0,,0
0,,0
0,,0
0,,0
0,,0
0,,0
0,,0
