coronaOccupancy,normalOccupancy,isolatedTeam
100,,0
52,,0
38,,0
36,,0
36,,0
35,,0
33,,0
31,,0
30,,0
26,,0
25,,0
24,,0
23,,0
22,,0
21,,0
20,,0
14.000000000000002,,0
14.000000000000002,,0
14.000000000000002,,0
14.000000000000002,,0
12,,0
5,,0
4,,0
4,,0
2,,0
1,,0
0,,0
0,,0
0,,0
0,,0
0,,0
0,,0
