coronaOccupancy,normalOccupancy,isolatedTeam
24,,0
24,,0
20,,0
20,,0
18,,0
17,,0
15,,0
14.000000000000002,,0
14.000000000000002,,0
14.000000000000002,,0
13,,0
13,,0
11,,0
10,,0
9,,0
9,,0
8,,0
4,,0
2,,0
2,,0
2,,0
1,,0
1,,0
0,,0
0,,0
0,,0
0,,0
0,,0
0,,0
0,,0
0,,0
