coronaOccupancy,normalOccupancy,isolatedTeam
43,,0
36,,0
34,,0
34,,0
34,,0
31,,0
28.999999999999996,,0
26,,0
24,,0
24,,0
21,,0
16,,0
15,,0
15,,0
15,,0
15,,0
11,,0
11,,0
11,,0
7.000000000000001,,0
6,,0
6,,0
3,,0
2,,0
1,,0
0,,0
0,,0
0,,0
0,,0
0,,0
0,,0
0,,0
