coronaOccupancy,normalOccupancy,isolatedTeam
43,,0
38,,0
31,,0
30,,0
30,,0
27,,0
26,,0
26,,0
25,,0
25,,0
22,,0
21,,0
15,,0
15,,0
14.000000000000002,,0
14.000000000000002,,0
13,,0
12,,0
7.000000000000001,,0
6,,0
6,,0
5,,0
3,,0
2,,0
1,,0
0,,0
0,,0
0,,0
0,,0
0,,0
0,,0
0,,0
