coronaOccupancy,normalOccupancy,isolatedTeam
36,,0
26,,0
26,,0
25,,0
24,,0
23,,0
20,,0
19,,0
18,,0
18,,0
15,,0
13,,0
13,,0
12,,0
11,,0
10,,0
8,,0
7.000000000000001,,0
7.000000000000001,,0
5,,0
4,,0
3,,0
2,,0
1,,0
0,,0
0,,0
0,,0
0,,0
0,,0
0,,0
0,,0
0,,0
