coronaOccupancy,normalOccupancy,isolatedTeam
100,,0
36,,0
34,,0
34,,0
31,,0
30,,0
30,,0
28.000000000000004,,0
23,,0
22,,0
20,,0
19,,0
19,,0
17,,0
17,,0
16,,0
15,,0
15,,0
9,,0
7.000000000000001,,0
6,,0
5,,0
5,,0
5,,0
3,,0
1,,0
0,,0
0,,0
0,,0
0,,0
0,,0
0,,0
