coronaOccupancy,normalOccupancy,isolatedTeam
100,,0
44,,0
32,,0
31,,0
30,,0
28.000000000000004,,0
24,,0
24,,0
23,,0
20,,0
19,,0
19,,0
15,,0
15,,0
14.000000000000002,,0
14.000000000000002,,0
14.000000000000002,,0
10,,0
10,,0
8,,0
5,,0
4,,0
3,,0
3,,0
2,,0
0,,0
0,,0
0,,0
0,,0
0,,0
0,,0
