coronaOccupancy,normalOccupancy,isolatedTeam
42,,0
31,,0
30,,0
28.000000000000004,,0
24,,0
24,,0
20,,0
19,,0
19,,0
18,,0
18,,0
17,,0
14.000000000000002,,0
14.000000000000002,,0
14.000000000000002,,0
13,,0
10,,0
10,,0
6,,0
5,,0
4,,0
3,,0
3,,0
2,,0
0,,0
0,,0
0,,0
0,,0
0,,0
0,,0
0,,0
